<?xml version='1.0' encoding='UTF-8'?>
<?artifactRepository version='1.1.0'?>
<repository name='file:/Users/marianoquintela/Documents/ClonedRepos/cmis-connector/target/update-site/ - artifacts' type='org.eclipse.equinox.p2.artifact.repository.simpleRepository' version='1'>
  <properties size='2'>
    <property name='p2.timestamp' value='1444840133591'/>
    <property name='p2.compressed' value='false'/>
  </properties>
  <mappings size='3'>
    <rule filter='(&amp; (classifier=osgi.bundle))' output='${repoUrl}/plugins/${id}_${version}.jar'/>
    <rule filter='(&amp; (classifier=binary))' output='${repoUrl}/binary/${id}_${version}'/>
    <rule filter='(&amp; (classifier=org.eclipse.update.feature))' output='${repoUrl}/features/${id}_${version}.jar'/>
  </mappings>
  <artifacts size='2'>
    <artifact classifier='org.eclipse.update.feature' id='org.mule.tooling.ui.extension.cmis.3.5.0' version='2.1.0.201510141328'>
      <properties size='4'>
        <property name='artifact.size' value='15741'/>
        <property name='download.size' value='15741'/>
        <property name='download.md5' value='d5446429a1c027033b2d7bf495ad79df'/>
        <property name='download.contentType' value='application/zip'/>
      </properties>
    </artifact>
    <artifact classifier='osgi.bundle' id='org.mule.tooling.ui.contribution.cmis.3.5.0' version='2.1.0.201510141328'>
      <properties size='3'>
        <property name='artifact.size' value='2598744'/>
        <property name='download.size' value='2598744'/>
        <property name='download.md5' value='722161b89f159f45d260105eeea44316'/>
      </properties>
    </artifact>
  </artifacts>
</repository>
